,HDFCBANK,ICICIBANK,SBIN,AXISBANK,KOTAKBANK,INDUSINDBANK,AUBANK,FEDERALBNK,IDFCFIRSTB,BANKBARODA,PNB,CANBK,UNIONBANK,YESBANK
05-Apr-20,-0.025200843,-0.051839537,-0.045126266,-0.065089537,-0.045617701,-0.098909118,-0.008073071,-0.052866666,-0.037088765,-0.016320102,-0.002952596,-0.014085118,-0.017750909,-0.003022275
12-Apr-20,-0.064778291,-0.109907626,-0.089046082,-0.093370679,-0.066860874,-0.083283162,-0.037470461,-0.081145516,-0.068701721,-0.066485777,-0.023065969,-0.023576238,-0.033926072,-0.029912489
19-Apr-20,-0.040154962,-0.079494717,-0.070769091,-0.091850143,-0.037084846,-0.082999176,-0.037545521,-0.063064884,-0.039578418,-0.046057769,-0.025330191,-0.033783671,-0.033788466,-0.014011933
26-Apr-20,-0.032427614,-0.065989093,-0.059553757,-0.082012422,-0.029288106,-0.078030635,-0.033046665,-0.055119542,-0.031645863,-0.037642616,-0.02325106,-0.033084655,-0.031211861,-0.00895681
03-May-20,-0.051009567,-0.084648535,-0.071384241,-0.082454133,-0.041909835,-0.063481081,-0.040011657,-0.063538783,-0.047083495,-0.056506183,-0.029341519,-0.032570605,-0.034530425,-0.021994569
10-May-20,-0.031067268,-0.054531159,-0.054763677,-0.09230694,-0.031122535,-0.084482908,-0.033938424,-0.05226305,-0.026308282,-0.029955684,-0.027202038,-0.038564998,-0.027437388,-0.00705047
17-May-20,-0.042846665,-0.060610226,-0.052654799,-0.077244827,-0.046955219,-0.074325927,-0.027123544,-0.056317314,-0.041222399,-0.036329763,-0.022731192,-0.028348513,-0.022933225,-0.014180727
24-May-20,-0.014697136,-0.039852762,-0.024369934,-0.019907639,-0.014572422,-0.050204204,-0.00669581,-0.036014281,-0.024741026,-0.021127684,-0.002597553,-0.011341498,-0.022158747,0.002429352
31-May-20,-0.068353244,-0.0894823,-0.081926834,-0.117538533,-0.057839875,-0.069735768,-0.055811681,-0.072538789,-0.052780069,-0.065381625,-0.047116424,-0.048091848,-0.033604901,-0.030857037
07-Jun-20,-0.049265029,-0.081066696,-0.072886765,-0.092960309,-0.033908455,-0.061328638,-0.048120744,-0.060881929,-0.039360249,-0.057006669,-0.037273777,-0.041998437,-0.037558628,-0.021247358
14-Jun-20,-0.034285261,-0.050568528,-0.044395076,-0.064216202,-0.032110179,-0.061651786,-0.025913221,-0.046749932,-0.031185887,-0.032185728,-0.022382059,-0.029112821,-0.02462796,-0.01023364
21-Jun-20,-0.042762793,-0.060390099,-0.04932544,-0.061672058,-0.03924594,-0.055723104,-0.027202205,-0.051543201,-0.040038677,-0.040901924,-0.023021709,-0.026530017,-0.025536795,-0.015839984
28-Jun-20,-0.039938957,-0.054010218,-0.043253974,-0.056162175,-0.037413597,-0.053532472,-0.024177873,-0.04836622,-0.037604356,-0.036906773,-0.021457633,-0.02526969,-0.023409658,-0.013593085
05-Jul-20,-0.038963698,-0.057291944,-0.04779742,-0.061724038,-0.030310747,-0.050871371,-0.030647161,-0.048217195,-0.033868165,-0.040829494,-0.025987533,-0.03062212,-0.027870876,-0.01371043
12-Jul-20,-0.038341758,-0.055614872,-0.047591298,-0.063568573,-0.029048682,-0.050931378,-0.031622119,-0.047254612,-0.032116255,-0.040005997,-0.027219854,-0.032217202,-0.028074458,-0.013483129
19-Jul-20,-0.041645076,-0.051255935,-0.042808402,-0.058862056,-0.035788332,-0.04837316,-0.027680214,-0.046377515,-0.035370696,-0.037957662,-0.026050894,-0.02931694,-0.024004871,-0.015151955
26-Jul-20,-0.042584041,-0.056179097,-0.04666658,-0.060256762,-0.03500146,-0.048169023,-0.029627685,-0.048139566,-0.036550786,-0.041249817,-0.02654429,-0.02967247,-0.026141943,-0.016154774
02-Aug-20,-0.037543696,-0.045197146,-0.039173143,-0.059043094,-0.032672601,-0.050557676,-0.02642382,-0.043519132,-0.031009165,-0.033081705,-0.02558554,-0.030272506,-0.02292858,-0.012343116
09-Aug-20,-0.03877273,-0.04670116,-0.037322321,-0.049170499,-0.032932596,-0.043359418,-0.023829864,-0.042858794,-0.033759142,-0.035279797,-0.023200511,-0.026294242,-0.022802826,-0.013550175
16-Aug-20,-0.037642965,-0.040950856,-0.03276973,-0.047527939,-0.033284221,-0.042921796,-0.021967572,-0.040681442,-0.032106457,-0.031742475,-0.0229864,-0.026232937,-0.020515938,-0.012342223
23-Aug-20,-0.037454859,-0.03748819,-0.024010713,-0.027313737,-0.034900145,-0.032543039,-0.013514931,-0.037719522,-0.03572212,-0.030477649,-0.016463232,-0.017458731,-0.017112697,-0.012092694
30-Aug-20,-0.039910521,-0.049366462,-0.040025296,-0.052888407,-0.028155038,-0.037977071,-0.029873185,-0.043040618,-0.031793097,-0.040084064,-0.028158808,-0.031101573,-0.025965743,-0.01442134
06-Sep-20,-0.028225231,-0.040816614,-0.036690146,-0.057482486,-0.018720231,-0.049252859,-0.028287165,-0.038898775,-0.021401151,-0.029948457,-0.025849454,-0.033507407,-0.026040618,-0.006721628
13-Sep-20,-0.041810658,-0.044472786,-0.035119828,-0.048877266,-0.036561566,-0.040664069,-0.023665143,-0.04269397,-0.035360087,-0.035454092,-0.024666011,-0.026583852,-0.020866005,-0.015014321
20-Sep-20,-0.035246392,-0.042974044,-0.034935919,-0.048281806,-0.026717138,-0.040665896,-0.02511351,-0.039936321,-0.028972181,-0.033765524,-0.02448593,-0.028580591,-0.023733884,-0.011390463
27-Sep-20,-0.033145889,-0.032787516,-0.02939994,-0.053623954,-0.02885996,-0.046741421,-0.02343706,-0.037365747,-0.025147434,-0.026044907,-0.025499147,-0.030907821,-0.019671359,-0.009010075
04-Oct-20,-0.032236146,-0.043350653,-0.030385787,-0.029770503,-0.021948471,-0.03044698,-0.019539733,-0.036879963,-0.029828493,-0.034518997,-0.018533334,-0.021541306,-0.024253693,-0.010365029
11-Oct-20,-0.039556505,-0.054659512,-0.043078357,-0.049489788,-0.027578482,-0.038181097,-0.028784147,-0.044481761,-0.033901244,-0.042295241,-0.025428992,-0.028218978,-0.027716757,-0.01490314
18-Oct-20,-0.033008539,-0.039036624,-0.031817061,-0.047109256,-0.027293867,-0.043807294,-0.022293989,-0.038787577,-0.027823982,-0.029734253,-0.02248629,-0.027294641,-0.021776968,-0.009517046
25-Oct-20,-0.034565579,-0.048877603,-0.039984075,-0.051286115,-0.024449293,-0.043206928,-0.027366466,-0.042157052,-0.029226492,-0.036637967,-0.024437978,-0.029211139,-0.026638008,-0.011340129
01-Nov-20,-0.036919337,-0.042494469,-0.037354904,-0.060646875,-0.0336187,-0.052873762,-0.025783955,-0.043228995,-0.030227361,-0.030890197,-0.025634848,-0.030749127,-0.021519551,-0.011330585
08-Nov-20,-0.038386067,-0.052767942,-0.03844162,-0.037961001,-0.028090287,-0.033988343,-0.023294496,-0.042718522,-0.035583435,-0.040704385,-0.020762216,-0.022680484,-0.025918103,-0.014256087
15-Nov-20,-0.038391755,-0.048842528,-0.03643413,-0.040776092,-0.028889583,-0.035028598,-0.023660612,-0.041719703,-0.03407566,-0.038525924,-0.022313183,-0.024492141,-0.024516796,-0.013828267
22-Nov-20,-0.031057536,-0.038567044,-0.026874436,-0.030946212,-0.023971624,-0.034221701,-0.017448511,-0.036159789,-0.028890537,-0.030390238,-0.01774852,-0.021358102,-0.021569989,-0.008700974
29-Nov-20,-0.034906015,-0.040446595,-0.029442414,-0.038153356,-0.028354744,-0.036690308,-0.020141545,-0.038748829,-0.031009269,-0.032298033,-0.020695113,-0.023796524,-0.021154014,-0.01057745
06-Dec-20,-0.038895315,-0.046469494,-0.036257379,-0.047273268,-0.028321773,-0.035951329,-0.026889269,-0.041524878,-0.031850422,-0.038164386,-0.026084613,-0.028739911,-0.02436965,-0.013557076
13-Dec-20,-0.041393826,-0.045690678,-0.035648561,-0.048164586,-0.033243272,-0.03731138,-0.025641723,-0.042372276,-0.03424756,-0.037523162,-0.025946323,-0.02785955,-0.022446639,-0.014842433
20-Dec-20,-0.036446766,-0.043391326,-0.032715452,-0.041205792,-0.027465731,-0.035277399,-0.023186481,-0.039563539,-0.031129546,-0.035216232,-0.023000345,-0.025843649,-0.023070405,-0.012082283
27-Dec-20,-0.035111292,-0.042359381,-0.034426974,-0.049314331,-0.026679804,-0.041209293,-0.02546629,-0.040063789,-0.028604182,-0.03348751,-0.02493247,-0.029199412,-0.023438946,-0.010930071
03-Jan-21,-0.032935621,-0.042941639,-0.031232457,-0.035979634,-0.024015782,-0.03497507,-0.020883528,-0.038279658,-0.029742428,-0.033759526,-0.020021793,-0.023551106,-0.023532579,-0.010075915
10-Jan-21,-0.03901273,-0.049166729,-0.038564179,-0.049149388,-0.029925083,-0.039912941,-0.02646772,-0.043313815,-0.033268991,-0.038411204,-0.024866695,-0.027820769,-0.024651897,-0.01362162
17-Jan-21,-0.048355694,-0.054126208,-0.047535096,-0.07283811,-0.042913953,-0.052652215,-0.033239763,-0.050672823,-0.03836263,-0.041291838,-0.032098308,-0.034605912,-0.023518019,-0.018473651
24-Jan-21,-0.035979975,-0.046121806,-0.039623365,-0.057775836,-0.027986867,-0.047401218,-0.028200173,-0.04267676,-0.029008967,-0.034627162,-0.026441225,-0.031460913,-0.024869897,-0.011618893
31-Jan-21,-0.034599467,-0.038042013,-0.03672406,-0.068142507,-0.032261379,-0.058407357,-0.027358066,-0.042159296,-0.02616101,-0.027086358,-0.027718949,-0.034478292,-0.020935087,-0.009456922
07-Feb-21,-0.049730715,-0.065946739,-0.047580755,-0.043351739,-0.041328104,-0.035814486,-0.025287983,-0.051163152,-0.047568917,-0.049819975,-0.021788331,-0.020550065,-0.026218885,-0.021368936
14-Feb-21,-0.034788772,-0.049114751,-0.039766981,-0.050366569,-0.02501458,-0.043041869,-0.026827935,-0.042330649,-0.029824955,-0.036719864,-0.023943412,-0.028550856,-0.026402912,-0.011430214
21-Feb-21,-0.035261624,-0.035194366,-0.02547851,-0.037768334,-0.034331014,-0.041352232,-0.015711138,-0.038220966,-0.032303032,-0.027169345,-0.018435178,-0.021456398,-0.016991241,-0.010138796
28-Feb-21,-0.037258577,-0.043004236,-0.035875572,-0.059752476,-0.037997615,-0.057420233,-0.022740566,-0.04544076,-0.033154417,-0.029551102,-0.022741545,-0.027853393,-0.019177847,-0.010249789
07-Mar-21,-0.045513992,-0.060961103,-0.050615844,-0.068244832,-0.037529315,-0.051681194,-0.033443079,-0.052224124,-0.038687587,-0.044792817,-0.029259855,-0.032378653,-0.026916559,-0.016932361
14-Mar-21,-0.037712102,-0.046390701,-0.037118803,-0.051903709,-0.030346849,-0.043579849,-0.026031384,-0.043052609,-0.031868312,-0.035740474,-0.02491196,-0.028678419,-0.023438643,-0.012178816
21-Mar-21,-0.033331783,-0.038467428,-0.032431275,-0.051941081,-0.02574175,-0.043610053,-0.025549571,-0.038892466,-0.02603957,-0.030582573,-0.025668751,-0.030841103,-0.022461529,-0.009328384
28-Mar-21,-0.031581082,-0.039444487,-0.032971752,-0.050301278,-0.023521084,-0.043850326,-0.025101935,-0.038613763,-0.025295562,-0.030523288,-0.024441641,-0.030070821,-0.023413327,-0.008525394
04-Apr-21,-0.037817923,-0.044717089,-0.032382211,-0.038431316,-0.030727692,-0.035583523,-0.020995673,-0.040687332,-0.034036856,-0.035537809,-0.021011432,-0.023146356,-0.021985163,-0.012758115
11-Apr-21,-0.033441245,-0.046512664,-0.040750431,-0.059119308,-0.02083225,-0.044356204,-0.031884141,-0.041254136,-0.024892897,-0.036173637,-0.028893593,-0.034828346,-0.027803921,-0.010405518
18-Apr-21,-0.035519477,-0.036311702,-0.029027206,-0.045360199,-0.031217008,-0.041574322,-0.020890603,-0.038311981,-0.029572084,-0.029039663,-0.022840687,-0.026514932,-0.019449393,-0.010742525
25-Apr-21,-0.033155895,-0.04183133,-0.036165587,-0.056045478,-0.026408472,-0.048517812,-0.026316934,-0.040810715,-0.026682664,-0.031118749,-0.02522976,-0.03104597,-0.023582181,-0.009446806
02-May-21,-0.039337955,-0.051459274,-0.041615257,-0.053826468,-0.031472465,-0.04481044,-0.027205558,-0.045072258,-0.033950601,-0.038496898,-0.024884972,-0.028354584,-0.025155166,-0.013901069
09-May-21,-0.037349037,-0.046617523,-0.037683326,-0.049991639,-0.028763179,-0.04136022,-0.026055201,-0.041955219,-0.031271158,-0.036137984,-0.024811724,-0.028416026,-0.024388153,-0.012791143
16-May-21,-0.03453753,-0.040629761,-0.034502892,-0.051771728,-0.026708028,-0.043173982,-0.025675124,-0.039394472,-0.027330559,-0.03186868,-0.025503549,-0.030227038,-0.023205737,-0.01078261
23-May-21,-0.037871606,-0.047863308,-0.036651544,-0.042011539,-0.02770607,-0.034921562,-0.024430047,-0.040899339,-0.032714077,-0.038033227,-0.023179701,-0.02562512,-0.024931583,-0.013822382
30-May-21,-0.036625601,-0.040796496,-0.031126244,-0.039156017,-0.027755725,-0.033142592,-0.022196071,-0.037799883,-0.030604682,-0.033972868,-0.023031744,-0.025483698,-0.022382224,-0.012719219
06-Jun-21,-0.035855447,-0.038240666,-0.028820318,-0.036462998,-0.026476947,-0.030556649,-0.021486647,-0.036089991,-0.029440459,-0.032960814,-0.022989384,-0.025327686,-0.021900901,-0.0123175
13-Jun-21,-0.030860375,-0.032783028,-0.023614844,-0.028825635,-0.020373466,-0.026563368,-0.018946277,-0.031764809,-0.025150847,-0.029489145,-0.020960572,-0.024077087,-0.021669447,-0.009442025
20-Jun-21,-0.033508545,-0.03263757,-0.02638441,-0.039866196,-0.024089381,-0.032050953,-0.022338074,-0.033695861,-0.025211951,-0.029399026,-0.024810217,-0.02825964,-0.021172449,-0.010638185
27-Jun-21,-0.030747699,-0.030228258,-0.019960136,-0.022109564,-0.021329606,-0.023216592,-0.015708656,-0.030182362,-0.026009195,-0.028120074,-0.018843745,-0.021206423,-0.020019414,-0.009398838
04-Jul-21,-0.029946614,-0.024461409,-0.016500358,-0.024076583,-0.021381461,-0.023750841,-0.015620193,-0.028238346,-0.023527428,-0.024850499,-0.020324829,-0.023106245,-0.018184668,-0.008382124
11-Jul-21,-0.03525309,-0.027398308,-0.018567404,-0.027529356,-0.028544986,-0.025082576,-0.016154405,-0.031391666,-0.028354372,-0.027270295,-0.021445314,-0.022825358,-0.016877983,-0.011258821
18-Jul-21,-0.029740958,-0.031775534,-0.021807779,-0.024431541,-0.016926197,-0.021546293,-0.019036322,-0.030029394,-0.0237573,-0.030134216,-0.021054317,-0.023962341,-0.022351801,-0.008946213
25-Jul-21,-0.029910385,-0.024892036,-0.016012829,-0.022013596,-0.020976106,-0.022292798,-0.015218905,-0.028194955,-0.023916957,-0.025402804,-0.019817852,-0.022378784,-0.01825427,-0.008306663
01-Aug-21,-0.030835051,-0.026494603,-0.017762851,-0.025508635,-0.022418373,-0.024834341,-0.016237265,-0.029705621,-0.024719592,-0.026082458,-0.02047786,-0.023169077,-0.01839783,-0.008631489
08-Aug-21,-0.034007407,-0.034963223,-0.022256437,-0.021861671,-0.023093529,-0.020432214,-0.017328049,-0.032544187,-0.029226936,-0.032559215,-0.019777797,-0.020988832,-0.02091501,-0.011257761
15-Aug-21,-0.032107768,-0.032961276,-0.021465891,-0.023775239,-0.021500757,-0.022593409,-0.017556009,-0.031844043,-0.02710188,-0.030690181,-0.020020733,-0.02212145,-0.020770987,-0.009811035
22-Aug-21,-0.030678084,-0.030090459,-0.021357426,-0.030460229,-0.021295038,-0.027921418,-0.018817486,-0.03168633,-0.024513668,-0.027907459,-0.021583864,-0.024965835,-0.020153507,-0.008390507
29-Aug-21,-0.032110285,-0.032486568,-0.020824895,-0.02351211,-0.022268754,-0.023226248,-0.016921304,-0.031974302,-0.027421248,-0.030159182,-0.01958524,-0.021681518,-0.020184867,-0.009579517
05-Sep-21,-0.033580763,-0.043761493,-0.031710275,-0.033668448,-0.019049558,-0.02627673,-0.024329611,-0.036540362,-0.02796621,-0.0374662,-0.023135789,-0.025941027,-0.026044347,-0.011274923
12-Sep-21,-0.032434669,-0.031355055,-0.021785215,-0.029403536,-0.023320135,-0.026799026,-0.018449723,-0.032389509,-0.026431184,-0.029078871,-0.02139206,-0.024044208,-0.019880192,-0.009572248
19-Sep-21,-0.033135513,-0.036424184,-0.026063265,-0.032547419,-0.022984148,-0.028706086,-0.020503021,-0.034696383,-0.027556878,-0.031918741,-0.021840286,-0.024681648,-0.021874379,-0.010204139
26-Sep-21,-0.037738895,-0.041766238,-0.032151534,-0.042885256,-0.028097105,-0.033724542,-0.024377784,-0.038979068,-0.030695545,-0.035319206,-0.024986836,-0.02747398,-0.022677579,-0.012894093
03-Oct-21,-0.03649995,-0.033652722,-0.02764726,-0.046676546,-0.03024955,-0.037981334,-0.022903097,-0.036892289,-0.028008718,-0.029345529,-0.025806421,-0.029124008,-0.01931811,-0.011336168
10-Oct-21,-0.036239421,-0.036932736,-0.025106849,-0.029400922,-0.028195562,-0.02741119,-0.018161003,-0.035614053,-0.031432332,-0.032468261,-0.020512293,-0.021943245,-0.020026625,-0.012048444
17-Oct-21,-0.033909604,-0.038550402,-0.026139941,-0.028506461,-0.024118596,-0.027116078,-0.018945748,-0.03540185,-0.029807477,-0.033192947,-0.020009241,-0.022171287,-0.021822831,-0.010785431
24-Oct-21,-0.035753303,-0.035546732,-0.028415073,-0.045482606,-0.028717137,-0.037612587,-0.023077163,-0.037382666,-0.028092995,-0.03041356,-0.025133293,-0.028615069,-0.02024151,-0.010852546
31-Oct-21,-0.035371646,-0.03373101,-0.028770824,-0.05026689,-0.028404782,-0.039997748,-0.024605929,-0.037035464,-0.026265908,-0.029137023,-0.026956285,-0.031080634,-0.0201708,-0.010523875
07-Nov-21,-0.036084115,-0.040795566,-0.032162376,-0.042879792,-0.024703467,-0.032420866,-0.025397032,-0.037544197,-0.02829978,-0.035006813,-0.025743435,-0.028730477,-0.023789077,-0.012303434
14-Nov-21,-0.028936299,-0.031093448,-0.019373668,-0.020039725,-0.02058097,-0.025132823,-0.01412454,-0.030801536,-0.026240719,-0.027476459,-0.016557568,-0.01944119,-0.019883266,-0.007784365
21-Nov-21,-0.029932227,-0.02894485,-0.022385781,-0.036213102,-0.021104996,-0.032029714,-0.020300718,-0.031869294,-0.022763032,-0.026459397,-0.023030842,-0.027340272,-0.020213377,-0.007756815
28-Nov-21,-0.030818396,-0.032386728,-0.02856471,-0.052064774,-0.025914013,-0.046702379,-0.023160105,-0.036730603,-0.023567208,-0.025432636,-0.024661777,-0.030728982,-0.020204674,-0.007384446
05-Dec-21,-0.036637101,-0.040450124,-0.030559177,-0.040745103,-0.029076194,-0.035531765,-0.021917917,-0.038694102,-0.031007342,-0.033290327,-0.022841429,-0.025543388,-0.021496776,-0.012001955
12-Dec-21,-0.033160168,-0.03762777,-0.026145848,-0.030149781,-0.023606708,-0.028579847,-0.019224667,-0.035107556,-0.028772982,-0.032231408,-0.020320254,-0.022931021,-0.021804937,-0.010297082
19-Dec-21,-0.032824481,-0.028534831,-0.023204969,-0.042601037,-0.026733095,-0.036716318,-0.020881763,-0.033886489,-0.024714554,-0.025806856,-0.024498387,-0.028588045,-0.018379857,-0.008844331
26-Dec-21,-0.036651907,-0.036083138,-0.027526971,-0.040298326,-0.028702229,-0.033029513,-0.021991672,-0.036680503,-0.029347513,-0.031700174,-0.024303442,-0.026822745,-0.020316558,-0.011858982
02-Jan-22,-0.035307765,-0.040546638,-0.029802785,-0.036236137,-0.02492154,-0.030433057,-0.022271533,-0.037042136,-0.029573975,-0.03448012,-0.022777497,-0.025331715,-0.022910303,-0.011702286
09-Jan-22,-0.037371457,-0.040331762,-0.027285745,-0.030665204,-0.030326446,-0.02985669,-0.018097324,-0.037853447,-0.033708811,-0.033875705,-0.019692512,-0.02098841,-0.020252058,-0.01253905
16-Jan-22,-0.03652548,-0.04049889,-0.028089356,-0.03278539,-0.027573063,-0.029319908,-0.020216502,-0.037541971,-0.031858849,-0.034557445,-0.021291836,-0.023074814,-0.02147408,-0.012040093
23-Jan-22,-0.036521297,-0.034205011,-0.030382842,-0.056857162,-0.030941413,-0.044771731,-0.026111554,-0.038854609,-0.026698152,-0.028872224,-0.028450842,-0.03299318,-0.019654334,-0.010618821
30-Jan-22,-0.037125933,-0.032443861,-0.025555005,-0.046383378,-0.035909396,-0.043272978,-0.019229642,-0.038502519,-0.030798059,-0.026666331,-0.022989335,-0.026248121,-0.016180188,-0.010606575
06-Feb-22,-0.043326561,-0.045976857,-0.034399719,-0.045714096,-0.036442349,-0.036120824,-0.024151848,-0.043175412,-0.036832575,-0.038083892,-0.02507901,-0.026073364,-0.021057139,-0.015621477
13-Feb-22,-0.025676085,-0.03833101,-0.030231307,-0.041175453,-0.013906382,-0.03808512,-0.024018339,-0.0351942,-0.020985028,-0.030083715,-0.0220854,-0.028670464,-0.025674098,-0.005346425
20-Feb-22,-0.034190129,-0.04351038,-0.035173615,-0.050943956,-0.027120608,-0.045032147,-0.025029625,-0.041340411,-0.02890771,-0.032922727,-0.023850006,-0.028747746,-0.02333977,-0.009876717
27-Feb-22,-0.038252374,-0.042055484,-0.036631046,-0.064256788,-0.037890994,-0.057401904,-0.025236483,-0.045295974,-0.03199449,-0.029902263,-0.025588716,-0.030778849,-0.01945913,-0.010864796
06-Mar-22,-0.041058067,-0.048735786,-0.042821778,-0.071120153,-0.039455662,-0.06013587,-0.029035432,-0.048991469,-0.034242747,-0.034259288,-0.027721791,-0.032786373,-0.021670854,-0.012714429
13-Mar-22,-0.043140948,-0.056048586,-0.044650902,-0.059072406,-0.037136115,-0.048941916,-0.028392498,-0.04942651,-0.038223624,-0.041156806,-0.025563999,-0.028465275,-0.024541767,-0.015267714
20-Mar-22,-0.037244804,-0.055450046,-0.042226662,-0.047913188,-0.026548211,-0.040993449,-0.02723454,-0.04537143,-0.033885113,-0.041401548,-0.023021948,-0.026596051,-0.027465167,-0.012644743
27-Mar-22,-0.038093013,-0.045053302,-0.036781452,-0.055882959,-0.033198447,-0.048156781,-0.025678694,-0.044015041,-0.032215639,-0.033924345,-0.025076167,-0.029242116,-0.021940217,-0.011719764
03-Apr-22,-0.039754741,-0.046735473,-0.034470537,-0.042094143,-0.030517316,-0.034152558,-0.024223571,-0.041762914,-0.034262365,-0.038300381,-0.02385731,-0.025672077,-0.023129045,-0.013885561
10-Apr-22,-0.046390217,-0.037165223,-0.026199777,-0.04118086,-0.044603972,-0.034190943,-0.019009477,-0.041167532,-0.039249101,-0.033290537,-0.024133852,-0.023476193,-0.01481667,-0.016487
17-Apr-22,-0.034939404,-0.031643404,-0.022686911,-0.0382288,-0.030589055,-0.035990139,-0.018539715,-0.036187285,-0.029166389,-0.027676526,-0.022000384,-0.024994146,-0.017203882,-0.009439221
24-Apr-22,-0.03119748,-0.035591472,-0.027711101,-0.044107164,-0.023012757,-0.038887111,-0.023114276,-0.036770479,-0.025024319,-0.02947852,-0.023739725,-0.028730755,-0.021577946,-0.007573841
01-May-22,-0.035075932,-0.041381906,-0.032666877,-0.048661634,-0.026672597,-0.040450302,-0.025396016,-0.040165439,-0.028579635,-0.033416028,-0.025126183,-0.029342066,-0.022695023,-0.010163661
08-May-22,-0.06017657,-0.045042896,-0.045607157,-0.094863503,-0.059938706,-0.058881163,-0.038476467,-0.053172005,-0.041325499,-0.038826656,-0.043118482,-0.043809089,-0.01635767,-0.023581545
15-May-22,-0.039024822,-0.048890784,-0.050272452,-0.088417055,-0.029228184,-0.061136197,-0.040733995,-0.047214961,-0.025053482,-0.036417995,-0.03766567,-0.045078663,-0.027812889,-0.012974115
22-May-22,-0.04169958,-0.052889155,-0.042633875,-0.052405817,-0.03444158,-0.043556902,-0.026381761,-0.045569703,-0.036414934,-0.039589934,-0.024445467,-0.026913133,-0.02487765,-0.015956769
29-May-22,-0.034853982,-0.043434658,-0.035281211,-0.046752075,-0.027622105,-0.042000389,-0.023441426,-0.039959303,-0.029726344,-0.032969973,-0.022735328,-0.0268438,-0.023534399,-0.011516117
05-Jun-22,-0.042388657,-0.044681553,-0.036200553,-0.049880651,-0.036297424,-0.039822175,-0.024583519,-0.042307228,-0.035037128,-0.035960503,-0.025637889,-0.027404185,-0.021492567,-0.015925783
12-Jun-22,-0.034426672,-0.0333419,-0.028024727,-0.04617934,-0.029951933,-0.041537208,-0.021000578,-0.036535108,-0.02741422,-0.027141014,-0.023578375,-0.027644629,-0.019272027,-0.010435234
19-Jun-22,-0.035190029,-0.034123574,-0.034393371,-0.067522884,-0.032166694,-0.055186244,-0.027562571,-0.039996422,-0.02480756,-0.025926515,-0.02935896,-0.035684137,-0.020060018,-0.010092511
26-Jun-22,-0.035281742,-0.05024449,-0.041402942,-0.049630679,-0.023432075,-0.040084354,-0.02799159,-0.041514878,-0.029404162,-0.03821461,-0.024853831,-0.029100478,-0.027909488,-0.012760519
03-Jul-22,-0.036177953,-0.044547043,-0.037994444,-0.052314504,-0.028165514,-0.043576499,-0.026067266,-0.040747511,-0.029400927,-0.033979638,-0.025154419,-0.029393888,-0.024417527,-0.012619404
10-Jul-22,-0.038141624,-0.046542695,-0.037400952,-0.044415968,-0.027623981,-0.035157979,-0.025350679,-0.039948834,-0.031558571,-0.037316309,-0.02454893,-0.027088338,-0.025191551,-0.014624958
17-Jul-22,-0.034797053,-0.03510132,-0.03021636,-0.045716637,-0.027290129,-0.037846701,-0.022982148,-0.035717634,-0.026599993,-0.029362853,-0.024994605,-0.028754155,-0.021435854,-0.011778817
24-Jul-22,-0.043949267,-0.052328054,-0.045063419,-0.056133736,-0.030168234,-0.035379529,-0.032545032,-0.043116072,-0.033269155,-0.043138925,-0.030975244,-0.032703375,-0.027878342,-0.018930822
31-Jul-22,-0.038057238,-0.047648007,-0.042571983,-0.05387409,-0.023679118,-0.036142868,-0.031293855,-0.039395361,-0.027757997,-0.038827673,-0.029588327,-0.033063011,-0.028536252,-0.015812258
07-Aug-22,-0.034081486,-0.041180845,-0.034977252,-0.042393265,-0.024818678,-0.036786353,-0.022824271,-0.036321354,-0.027725481,-0.032209097,-0.022807198,-0.026474678,-0.024656224,-0.013006112
14-Aug-22,-0.03352722,-0.039302939,-0.032415578,-0.037473314,-0.023934748,-0.033268637,-0.021237203,-0.034747726,-0.027476151,-0.031607683,-0.021831516,-0.025075095,-0.024070574,-0.012785632
21-Aug-22,-0.033150545,-0.038317245,-0.033462643,-0.043543749,-0.024018621,-0.037197083,-0.022982472,-0.035155879,-0.025945162,-0.030476198,-0.023568226,-0.027645325,-0.024072732,-0.012263787
28-Aug-22,-0.032329304,-0.036296051,-0.033929395,-0.049047092,-0.023132415,-0.040078654,-0.024814086,-0.03470664,-0.023553138,-0.028962717,-0.025592856,-0.030547224,-0.024168408,-0.011643651
04-Sep-22,-0.035652859,-0.039395431,-0.035646152,-0.049116859,-0.028088474,-0.040849533,-0.024028672,-0.036979188,-0.027625983,-0.030784032,-0.024901583,-0.028780373,-0.023471104,-0.013686879
11-Sep-22,-0.033488121,-0.041741721,-0.036564377,-0.04388656,-0.02204939,-0.035557205,-0.024806619,-0.035605415,-0.026006133,-0.033087168,-0.024275072,-0.02823664,-0.026310636,-0.013270446
18-Sep-22,-0.0390791,-0.036473166,-0.035182962,-0.055566496,-0.034339064,-0.044298059,-0.024494178,-0.037765465,-0.028962468,-0.029094962,-0.027245394,-0.030638301,-0.020887723,-0.015318356
25-Sep-22,-0.040775669,-0.038366436,-0.036345638,-0.055962696,-0.036781012,-0.044903736,-0.024298333,-0.039092278,-0.031044422,-0.030195919,-0.026976125,-0.029866906,-0.020675308,-0.016347803
02-Oct-22,-0.039268549,-0.041692432,-0.042144553,-0.065268747,-0.031115223,-0.047349215,-0.030491401,-0.039782695,-0.02720784,-0.032551655,-0.031058302,-0.035472144,-0.024785705,-0.016045735
09-Oct-22,-0.037251554,-0.039716677,-0.034915042,-0.043499672,-0.02995845,-0.036953641,-0.02185022,-0.036236811,-0.029820778,-0.031449297,-0.023388244,-0.02601802,-0.022980781,-0.015463319
16-Oct-22,-0.039562952,-0.040643842,-0.041144919,-0.062132339,-0.030381338,-0.043641599,-0.03005708,-0.038337996,-0.026981797,-0.032759344,-0.031140305,-0.034994725,-0.024873572,-0.016797086
23-Oct-22,-0.037399498,-0.040467471,-0.035699117,-0.041709212,-0.028150925,-0.033651535,-0.022574997,-0.035329038,-0.029379203,-0.032742799,-0.023906511,-0.026188825,-0.024204952,-0.016338383
30-Oct-22,-0.032834461,-0.039523438,-0.03767159,-0.046740444,-0.019631029,-0.034641363,-0.026690605,-0.033345058,-0.022975666,-0.032107074,-0.026557811,-0.030901271,-0.027498619,-0.014088607
06-Nov-22,-0.035470765,-0.035615046,-0.031355057,-0.035608775,-0.026391513,-0.030036435,-0.019892871,-0.032026493,-0.027561534,-0.029925029,-0.022492832,-0.02465133,-0.023005367,-0.015496239
13-Nov-22,-0.026256155,-0.034951947,-0.032373389,-0.034908025,-0.011452778,-0.029259807,-0.022796991,-0.028308548,-0.018464531,-0.028691883,-0.022586344,-0.027799073,-0.028056344,-0.010721459
20-Nov-22,-0.030141065,-0.028636742,-0.026942432,-0.033512139,-0.020602688,-0.029688651,-0.01870607,-0.027711196,-0.021715919,-0.024940612,-0.022044576,-0.025722336,-0.02260271,-0.012312502
27-Nov-22,-0.031468187,-0.030977413,-0.028175529,-0.031880224,-0.020365341,-0.026650052,-0.019465944,-0.028119339,-0.022892595,-0.027378616,-0.022419234,-0.025408187,-0.023583613,-0.013525763
04-Dec-22,-0.026237257,-0.029534399,-0.026301242,-0.026454867,-0.013900255,-0.025526128,-0.017838161,-0.025692453,-0.019393202,-0.025452206,-0.019856603,-0.024062311,-0.024824621,-0.010615241
11-Dec-22,-0.030888219,-0.023408712,-0.021893275,-0.029285622,-0.023755047,-0.027724038,-0.015430973,-0.025921227,-0.022411558,-0.022012835,-0.020973916,-0.023860083,-0.019419897,-0.012365754
18-Dec-22,-0.029810635,-0.027341617,-0.027347744,-0.037803238,-0.019951695,-0.031446646,-0.020407523,-0.027527672,-0.020043974,-0.024208721,-0.023870413,-0.028118884,-0.022735042,-0.011946935
25-Dec-22,-0.02858458,-0.023937538,-0.023987074,-0.035454883,-0.022476276,-0.03453986,-0.016614351,-0.026967084,-0.020473026,-0.020425242,-0.021124656,-0.025633608,-0.020115178,-0.010583079
01-Jan-23,-0.03102888,-0.032421449,-0.027726325,-0.028394254,-0.021137959,-0.027131831,-0.017373034,-0.02887199,-0.024505542,-0.027453931,-0.019928562,-0.022778496,-0.023203292,-0.013027959
08-Jan-23,-0.031508269,-0.026829513,-0.025903444,-0.03660214,-0.024032444,-0.032271236,-0.018469452,-0.028429191,-0.022513515,-0.023645496,-0.022767226,-0.026351903,-0.020776799,-0.012440004
15-Jan-23,-0.030998298,-0.034188816,-0.032840393,-0.040803501,-0.018443596,-0.031460043,-0.023744993,-0.030127887,-0.021297849,-0.028918392,-0.025074687,-0.029292882,-0.025852342,-0.013101582
22-Jan-23,-0.032613572,-0.028944478,-0.02645305,-0.032124124,-0.023626329,-0.02779402,-0.018097626,-0.02822194,-0.023986478,-0.025916094,-0.022152041,-0.024788588,-0.021651001,-0.013796354
29-Jan-23,-0.031597235,-0.028148321,-0.028821684,-0.043604485,-0.025390639,-0.038331191,-0.019986976,-0.030135972,-0.022304139,-0.0231339,-0.023705739,-0.028144572,-0.021117811,-0.012329685
05-Feb-23,-0.032287899,-0.038206641,-0.037307951,-0.045298138,-0.017773965,-0.032098064,-0.026915369,-0.031629645,-0.021583249,-0.03182101,-0.027068634,-0.03133118,-0.028083404,-0.01447355
12-Feb-23,-0.035386476,-0.027884281,-0.027272831,-0.036359904,-0.026629363,-0.027931385,-0.019596622,-0.028362928,-0.024567823,-0.026101494,-0.024691154,-0.02675229,-0.020999255,-0.015745998
19-Feb-23,-0.033930587,-0.030448032,-0.029876107,-0.037772064,-0.023367091,-0.028580394,-0.021278861,-0.028703021,-0.02328927,-0.027382384,-0.024969913,-0.027713242,-0.023173381,-0.015267874
26-Feb-23,-0.031937898,-0.024728271,-0.028084406,-0.044552701,-0.023790455,-0.034823143,-0.021518238,-0.02749562,-0.019861539,-0.022423223,-0.026345002,-0.030557173,-0.021432698,-0.013447133
05-Mar-23,-0.030494098,-0.027844084,-0.026808092,-0.03026023,-0.019181288,-0.025058332,-0.018656327,-0.025703159,-0.021106689,-0.025445637,-0.022450222,-0.025483867,-0.023372059,-0.013711915
12-Mar-23,-0.027353155,-0.022903414,-0.022680813,-0.027704535,-0.018630205,-0.027434475,-0.015407236,-0.023794219,-0.01917784,-0.020814019,-0.020113217,-0.024001712,-0.021353904,-0.011275424
19-Mar-23,-0.023576044,-0.023899769,-0.024639832,-0.031035664,-0.013665605,-0.031141701,-0.017077237,-0.02375957,-0.015851737,-0.020116358,-0.020141362,-0.025787917,-0.023423354,-0.00895842
26-Mar-23,-0.027121691,-0.02722155,-0.027149196,-0.033514612,-0.01762689,-0.031614138,-0.018113137,-0.02613447,-0.019080576,-0.022704392,-0.021082278,-0.025808416,-0.023386182,-0.011096421
02-Apr-23,-0.040847705,-0.040741471,-0.041444162,-0.052738347,-0.026800385,-0.031281089,-0.029971975,-0.034220411,-0.026573187,-0.035509654,-0.031643037,-0.033642347,-0.027245667,-0.02040604
09-Apr-23,-0.019125248,-0.022096527,-0.017995907,-0.007636791,-0.00679292,-0.017607846,-0.009951805,-0.018420483,-0.015475062,-0.019738277,-0.013100863,-0.017525639,-0.023907932,-0.007623141
16-Apr-23,-0.028501097,-0.025892036,-0.023142301,-0.021374885,-0.017756731,-0.021554409,-0.014822034,-0.02369794,-0.021127314,-0.023908154,-0.019046005,-0.021764981,-0.022503334,-0.01266124
23-Apr-23,-0.027822679,-0.023871037,-0.02558755,-0.033826321,-0.016143999,-0.027130361,-0.019791779,-0.023854428,-0.017045667,-0.022588689,-0.02391411,-0.028224223,-0.023391577,-0.01195163
30-Apr-23,-0.031953424,-0.033422363,-0.0325204,-0.03423137,-0.016672431,-0.023315409,-0.023150611,-0.027060094,-0.021079825,-0.030116776,-0.025224647,-0.02812796,-0.026979883,-0.015627082
07-May-23,-0.026540671,-0.02769845,-0.029193406,-0.033806088,-0.012952306,-0.027242804,-0.020959898,-0.02418524,-0.01642706,-0.024396246,-0.0234174,-0.028186543,-0.026097896,-0.012136932
14-May-23,-0.032230248,-0.031583085,-0.032078341,-0.036191515,-0.019926264,-0.027343584,-0.021502158,-0.02718115,-0.021645537,-0.027569985,-0.024394846,-0.027480408,-0.025362872,-0.015749744
21-May-23,-0.022349269,-0.017600688,-0.016484168,-0.013253166,-0.013841642,-0.021427481,-0.009257943,-0.018536443,-0.016727959,-0.016692159,-0.014847394,-0.018755428,-0.02053564,-0.009227477
28-May-23,-0.029417295,-0.027564972,-0.025831086,-0.024505492,-0.017875152,-0.022293706,-0.016507347,-0.024208767,-0.021143593,-0.025020307,-0.020339629,-0.023063866,-0.023624443,-0.013817333
04-Jun-23,-0.027342593,-0.023527501,-0.02353041,-0.025218422,-0.015821286,-0.022746431,-0.0164418,-0.022290437,-0.018229449,-0.022381262,-0.020926705,-0.024397959,-0.023031668,-0.012359906
11-Jun-23,-0.029758568,-0.022246405,-0.021767834,-0.02381444,-0.02025507,-0.022137195,-0.014715006,-0.022643275,-0.020675824,-0.021905816,-0.02049543,-0.022968817,-0.020918321,-0.013524291
18-Jun-23,-0.029509717,-0.026396585,-0.025115848,-0.024770588,-0.017368656,-0.021131968,-0.017055129,-0.02360025,-0.020437362,-0.024897336,-0.021234091,-0.023902265,-0.023511919,-0.013833758
25-Jun-23,-0.027060725,-0.019098542,-0.019150797,-0.021848331,-0.018129187,-0.022615443,-0.013264678,-0.020972693,-0.018515137,-0.019271747,-0.019362175,-0.022555362,-0.020269505,-0.011631162
02-Jul-23,-0.032645097,-0.029397735,-0.026319609,-0.023654316,-0.020672051,-0.019437701,-0.016981498,-0.025355738,-0.023883455,-0.027539551,-0.021165184,-0.022636528,-0.023307322,-0.015746731
09-Jul-23,-0.028887671,-0.023125826,-0.020991254,-0.020090811,-0.019405083,-0.02106389,-0.013378989,-0.022700844,-0.021244082,-0.02222166,-0.018745767,-0.021149107,-0.02099903,-0.01284886
16-Jul-23,-0.027402345,-0.027107649,-0.026089465,-0.026325194,-0.013536339,-0.021706539,-0.018728764,-0.023415644,-0.018198281,-0.025244945,-0.021869405,-0.025451585,-0.025071875,-0.012487359
23-Jul-23,-0.029175585,-0.02599054,-0.02478872,-0.025685855,-0.017751066,-0.022652412,-0.016858106,-0.023901429,-0.020332479,-0.024253556,-0.021058458,-0.023985819,-0.023097016,-0.013288692
30-Jul-23,-0.029347773,-0.018999843,-0.018643546,-0.021724149,-0.020401586,-0.020679102,-0.013537372,-0.021363255,-0.020021687,-0.020299135,-0.020327076,-0.022665737,-0.019512344,-0.012868519
06-Aug-23,-0.027127899,-0.019201297,-0.018718678,-0.021128726,-0.017539408,-0.021326524,-0.013588015,-0.020951066,-0.018473048,-0.019861422,-0.019634038,-0.022707684,-0.020377827,-0.011495403
13-Aug-23,-0.029320587,-0.02386068,-0.024256633,-0.030021856,-0.01867296,-0.025125593,-0.017849297,-0.023951718,-0.019285354,-0.022873689,-0.022630947,-0.025992889,-0.022242554,-0.012864154
20-Aug-23,-0.031446503,-0.025729806,-0.027085154,-0.035824724,-0.021029801,-0.027790318,-0.019969811,-0.025718189,-0.020292057,-0.024097061,-0.024573413,-0.027870405,-0.022558794,-0.014144826
27-Aug-23,-0.028494374,-0.024583397,-0.02486451,-0.029239903,-0.01775239,-0.02551598,-0.017501918,-0.02384868,-0.01905223,-0.02281767,-0.021854353,-0.025435701,-0.022796081,-0.012633224
03-Sep-23,-0.026325494,-0.024509633,-0.022850531,-0.021245689,-0.014520017,-0.021299272,-0.015218493,-0.022205401,-0.018617155,-0.022833186,-0.019208457,-0.022622591,-0.023330834,-0.011685184
10-Sep-23,-0.031840432,-0.028012203,-0.025957619,-0.025596346,-0.019942738,-0.020709428,-0.017509715,-0.024944875,-0.022542616,-0.026491002,-0.021823079,-0.023785609,-0.023187748,-0.0150848
17-Sep-23,-0.029220534,-0.028607437,-0.027011628,-0.026116234,-0.015768889,-0.021304584,-0.01853703,-0.024301724,-0.020125137,-0.026377733,-0.021780528,-0.024715553,-0.024893246,-0.013764591
24-Sep-23,-0.02338201,-0.014739522,-0.016862305,-0.022792998,-0.014030488,-0.023760546,-0.013426988,-0.018591253,-0.014180175,-0.01604283,-0.019769842,-0.024303445,-0.020232264,-0.009203402
01-Oct-23,-0.031131583,-0.023200466,-0.023305008,-0.02825562,-0.021796808,-0.024152592,-0.016379831,-0.023967612,-0.021182074,-0.022658476,-0.022077386,-0.024595011,-0.020945956,-0.014069871
08-Oct-23,-0.031045742,-0.019035414,-0.017360153,-0.018429704,-0.02347855,-0.019266305,-0.011555204,-0.021731771,-0.022506087,-0.020504682,-0.019044864,-0.020438921,-0.018163652,-0.013790866
15-Oct-23,-0.028538531,-0.024679412,-0.024004872,-0.026228219,-0.016426477,-0.022039947,-0.017511526,-0.023214056,-0.019031702,-0.023836835,-0.021864465,-0.02503453,-0.023148677,-0.012756843
22-Oct-23,-0.028845574,-0.019850881,-0.020382245,-0.026018272,-0.019574965,-0.023413521,-0.015280953,-0.022138874,-0.019028679,-0.020440639,-0.021451552,-0.024483115,-0.020288407,-0.012400635
29-Oct-23,-0.025538289,-0.017414511,-0.020005086,-0.029000208,-0.015610163,-0.025882401,-0.016400473,-0.020752085,-0.015089761,-0.018180666,-0.022220189,-0.026726099,-0.020995849,-0.010290213
05-Nov-23,-0.028115082,-0.025930902,-0.024864383,-0.025464445,-0.015520428,-0.021827863,-0.017538952,-0.023336121,-0.019067332,-0.024422253,-0.021379009,-0.024622874,-0.023879593,-0.012752093
12-Nov-23,-0.028352054,-0.025655163,-0.02432692,-0.024386589,-0.016379924,-0.021726067,-0.016707649,-0.023306178,-0.019646308,-0.02411755,-0.020790269,-0.023840362,-0.023389999,-0.012877052
19-Nov-23,-0.027662978,-0.029948506,-0.028919144,-0.02895265,-0.013517377,-0.023770637,-0.019900487,-0.024761507,-0.018686811,-0.026499727,-0.022102098,-0.025943929,-0.026236059,-0.012859289
26-Nov-23,-0.030549635,-0.023245325,-0.022533516,-0.024890191,-0.021090865,-0.022570476,-0.015196737,-0.023405317,-0.021388873,-0.022634066,-0.020841463,-0.0231787,-0.020992111,-0.013907927
03-Dec-23,-0.0327222,-0.031438186,-0.029135275,-0.028835268,-0.021040703,-0.023494599,-0.018631543,-0.026933701,-0.02380616,-0.028002625,-0.022000941,-0.024104069,-0.024120487,-0.015698698
10-Dec-23,-0.031521174,-0.033931338,-0.03045952,-0.026519438,-0.018306798,-0.022150457,-0.018846098,-0.02700433,-0.023559068,-0.029453317,-0.021066263,-0.023342195,-0.025773969,-0.015364433
17-Dec-23,-0.026466412,-0.03202707,-0.029653717,-0.026133162,-0.012440965,-0.024099138,-0.018696329,-0.025144338,-0.019251876,-0.026922457,-0.02000734,-0.024021789,-0.026973041,-0.012336483
24-Dec-23,-0.032267964,-0.027842831,-0.029486752,-0.03861719,-0.0226643,-0.030635911,-0.020399458,-0.027105261,-0.021381096,-0.02463199,-0.024535845,-0.027925742,-0.022934557,-0.014832063
31-Dec-23,-0.02920664,-0.030986306,-0.028640663,-0.027060801,-0.018572531,-0.026422911,-0.016787897,-0.026315634,-0.022235085,-0.025799853,-0.019414354,-0.022640472,-0.024411032,-0.013553107
07-Jan-24,-0.031197516,-0.02469812,-0.024688279,-0.029507324,-0.022352379,-0.02603973,-0.016468811,-0.024869576,-0.021753189,-0.022960801,-0.021695325,-0.024388258,-0.021273832,-0.014144516
14-Jan-24,-0.029369958,-0.030357812,-0.030466211,-0.034180953,-0.016791491,-0.027573894,-0.020758864,-0.026252149,-0.019717117,-0.026262555,-0.02322977,-0.027116518,-0.025560777,-0.013652181
21-Jan-24,-0.030068039,-0.025741363,-0.0281087,-0.037745976,-0.020681016,-0.031318681,-0.019623277,-0.025809534,-0.019466355,-0.022698209,-0.02383975,-0.027894203,-0.022801336,-0.013479123
28-Jan-24,-0.028891477,-0.025492566,-0.027936986,-0.036768506,-0.01910381,-0.031083408,-0.019410502,-0.025208758,-0.018568943,-0.022307006,-0.023383375,-0.02773178,-0.023227333,-0.01292602
04-Feb-24,-0.029234159,-0.03706309,-0.036590101,-0.037445931,-0.014640404,-0.029636207,-0.023396348,-0.028477655,-0.020231775,-0.029749036,-0.023466253,-0.027844684,-0.028973671,-0.014377512
11-Feb-24,-0.031906494,-0.027700351,-0.028638966,-0.035127179,-0.024488753,-0.03173057,-0.017395255,-0.027026926,-0.022813021,-0.023273931,-0.02177909,-0.024973083,-0.02194591,-0.014801787
18-Feb-24,-0.031851311,-0.033366037,-0.033571319,-0.03776898,-0.021016607,-0.031129109,-0.020952202,-0.028576624,-0.022502372,-0.02730361,-0.023193681,-0.026709309,-0.025424291,-0.015354957
25-Feb-24,-0.030404533,-0.03146319,-0.031976732,-0.03593361,-0.019687368,-0.03062618,-0.020002713,-0.027335138,-0.021285209,-0.025885284,-0.022512663,-0.026305059,-0.025113821,-0.014497631
03-Mar-24,-0.025402714,-0.026591499,-0.025093314,-0.02294506,-0.016271111,-0.027289939,-0.013625471,-0.023687011,-0.019699654,-0.021595541,-0.01682273,-0.020918241,-0.023348386,-0.011290822
10-Mar-24,-0.029744775,-0.029633427,-0.029983553,-0.033603886,-0.01832647,-0.028180016,-0.019651273,-0.02611041,-0.020345094,-0.025413925,-0.02258229,-0.026283009,-0.024807647,-0.013982578
17-Mar-24,-0.026868427,-0.020067711,-0.022214513,-0.029619312,-0.019325237,-0.029355306,-0.014895234,-0.022528219,-0.017878873,-0.018335636,-0.020430153,-0.024660636,-0.020645368,-0.011411486
24-Mar-24,-0.029172208,-0.024540276,-0.024176276,-0.026069345,-0.019228092,-0.02422736,-0.015778773,-0.02356729,-0.020418788,-0.02268779,-0.020547681,-0.023531582,-0.022184321,-0.013353233
31-Mar-24,-0.034245284,-0.033745937,-0.03566783,-0.044264082,-0.021028376,-0.030010002,-0.025316378,-0.029080447,-0.021697111,-0.029438123,-0.027727255,-0.031017153,-0.026383544,-0.016872949
07-Apr-24,-0.024989386,-0.018503307,-0.015365275,-0.008179093,-0.016779422,-0.017228011,-0.007561813,-0.018794069,-0.019899599,-0.018310833,-0.013857684,-0.016241745,-0.019589156,-0.010992414
14-Apr-24,-0.029715713,-0.022153683,-0.021526581,-0.023743844,-0.020731756,-0.022754377,-0.014319488,-0.022831777,-0.020923474,-0.021615127,-0.020144981,-0.022649833,-0.020611691,-0.013351107
21-Apr-24,-0.029396972,-0.022241648,-0.023779995,-0.032414789,-0.02154831,-0.029390218,-0.016541238,-0.024348302,-0.019699863,-0.020530544,-0.021959897,-0.025638804,-0.020709001,-0.012614777
28-Apr-24,-0.030591404,-0.028240087,-0.027914544,-0.030524855,-0.017583831,-0.023152212,-0.019902276,-0.024970406,-0.020243622,-0.026324454,-0.023522682,-0.026466567,-0.024521047,-0.014443968
05-May-24,-0.032133058,-0.033323522,-0.035298799,-0.04462308,-0.02010296,-0.033209776,-0.024363107,-0.029203223,-0.020784528,-0.02779695,-0.026332019,-0.03049262,-0.026213496,-0.015219419
12-May-24,-0.029377192,-0.030441242,-0.033577842,-0.045953126,-0.021684646,-0.040557241,-0.021227227,-0.029172294,-0.019964771,-0.023013191,-0.023531332,-0.028973018,-0.024228489,-0.012894057
19-May-24,-0.03324745,-0.041493752,-0.040645964,-0.045292091,-0.023531095,-0.03894029,-0.0231154,-0.033645598,-0.025489491,-0.030429458,-0.022928621,-0.027057563,-0.027359816,-0.015996213
26-May-24,-0.030479826,-0.044553963,-0.043036667,-0.045585216,-0.019991757,-0.04149636,-0.023537379,-0.034372446,-0.024347574,-0.030949139,-0.021497367,-0.02672927,-0.029395815,-0.014471314
02-Jun-24,-0.033995098,-0.040993356,-0.044700279,-0.063165543,-0.028607813,-0.053817522,-0.0263184,-0.037215098,-0.024623763,-0.027378214,-0.026062719,-0.032152631,-0.026138414,-0.015229088
09-Jun-24,-0.035271907,-0.039350179,-0.036381097,-0.03571574,-0.025295208,-0.030752789,-0.020115131,-0.0317689,-0.027744255,-0.031011665,-0.021573056,-0.023783951,-0.025647449,-0.017503279
16-Jun-24,-0.027852462,-0.027330844,-0.027097649,-0.028123283,-0.016289683,-0.025465231,-0.017563389,-0.024151269,-0.019279146,-0.023983662,-0.020883956,-0.02458681,-0.024352597,-0.012938396
23-Jun-24,-0.028314565,-0.026180558,-0.026502349,-0.029388686,-0.017849531,-0.026770521,-0.017233576,-0.024263894,-0.019500468,-0.023059651,-0.021073768,-0.024770426,-0.023446014,-0.012978929
30-Jun-24,-0.032610254,-0.031656614,-0.029667581,-0.029344421,-0.0222896,-0.025733457,-0.017704758,-0.02728449,-0.024337848,-0.027159398,-0.021064123,-0.023316471,-0.023790666,-0.015757758
07-Jul-24,-0.028176798,-0.027447237,-0.025968125,-0.024716733,-0.016945921,-0.023744961,-0.016188412,-0.024063312,-0.020402657,-0.02423412,-0.019711058,-0.022925146,-0.023839749,-0.013073311
14-Jul-24,-0.029419014,-0.028530635,-0.027949159,-0.030135616,-0.01890868,-0.027185727,-0.017746558,-0.025643578,-0.020940204,-0.024595211,-0.021111718,-0.02455298,-0.023810012,-0.013547843
21-Jul-24,-0.029769229,-0.029809516,-0.030359396,-0.035842089,-0.019469125,-0.030916168,-0.019669529,-0.026992036,-0.020630225,-0.024882389,-0.022515253,-0.026526442,-0.02437758,-0.013602554
28-Jul-24,-0.028289111,-0.027445396,-0.02632611,-0.025838242,-0.016488833,-0.023557607,-0.017024859,-0.0240283,-0.019962969,-0.024530274,-0.020499733,-0.023777723,-0.024140442,-0.013165392
04-Aug-24,-0.026684149,-0.026409874,-0.027064935,-0.031270131,-0.016424862,-0.029451325,-0.017615385,-0.024583206,-0.018325798,-0.022341698,-0.020824702,-0.025364245,-0.023891672,-0.011716571
11-Aug-24,-0.027436765,-0.025870553,-0.027631066,-0.035520547,-0.01856709,-0.03283238,-0.018174082,-0.025472652,-0.018535554,-0.02150435,-0.021690577,-0.02648986,-0.0231372,-0.011802545
18-Aug-24,-0.029673392,-0.029771865,-0.029262779,-0.032149691,-0.019243984,-0.028718774,-0.018458617,-0.026508344,-0.021212728,-0.025100288,-0.021423644,-0.025039945,-0.02418534,-0.01363963
25-Aug-24,-0.031093555,-0.030558682,-0.030064305,-0.033045924,-0.019910778,-0.027460831,-0.019498068,-0.026853741,-0.021831323,-0.026369816,-0.022550373,-0.025730727,-0.024462391,-0.014653202
01-Sep-24,-0.031135537,-0.030599141,-0.02922249,-0.02994632,-0.020084467,-0.025862489,-0.018302879,-0.026532753,-0.022535425,-0.02648331,-0.021488217,-0.024301368,-0.024207503,-0.014786262
08-Sep-24,-0.028185105,-0.025754343,-0.027820199,-0.036634323,-0.019499065,-0.033067857,-0.018507167,-0.025699232,-0.018849965,-0.021608064,-0.022250253,-0.026904979,-0.022900155,-0.012225666
15-Sep-24,-0.027073466,-0.029551909,-0.027420562,-0.024032979,-0.014131954,-0.022858116,-0.017136733,-0.024173184,-0.019690527,-0.025605403,-0.019580506,-0.023105273,-0.025502652,-0.012683692
22-Sep-24,-0.029991286,-0.030596824,-0.029483442,-0.029872776,-0.017672243,-0.025090398,-0.019081315,-0.025909238,-0.021137444,-0.026652869,-0.021857586,-0.025029238,-0.025123618,-0.014275904
29-Sep-24,-0.028941896,-0.027041639,-0.025415897,-0.023917012,-0.017545189,-0.022317951,-0.016111949,-0.023850779,-0.020822148,-0.024522103,-0.020009503,-0.022831682,-0.023525901,-0.013564432
06-Oct-24,-0.024534019,-0.01301788,-0.016499554,-0.028011813,-0.020084992,-0.031422216,-0.011735974,-0.020326252,-0.015869829,-0.012963553,-0.019063762,-0.023940743,-0.017459352,-0.009034097
13-Oct-24,-0.027401795,-0.026407716,-0.026673452,-0.030882375,-0.016324422,-0.027595111,-0.018237012,-0.024557804,-0.018506049,-0.023213846,-0.021599846,-0.025806191,-0.023908714,-0.01202618
20-Oct-24,-0.028178726,-0.023659512,-0.023380365,-0.026983912,-0.019080115,-0.026227689,-0.015445013,-0.023743045,-0.019829053,-0.021564846,-0.020187544,-0.023674954,-0.02166502,-0.012216772
27-Oct-24,-0.029762697,-0.022768996,-0.025869391,-0.039347896,-0.022487633,-0.033961607,-0.018644841,-0.025729082,-0.019111677,-0.020298483,-0.023753554,-0.028139256,-0.020905887,-0.012465358
03-Nov-24,-0.032361569,-0.033271744,-0.033238716,-0.040207012,-0.022468974,-0.033223775,-0.021345981,-0.029735025,-0.023000149,-0.027154215,-0.023672316,-0.027348707,-0.024627024,-0.014836668
10-Nov-24,-0.025024153,-0.026135648,-0.026400617,-0.030139136,-0.014395878,-0.029505595,-0.017371294,-0.024197409,-0.017258326,-0.021895634,-0.020178054,-0.025190815,-0.024213418,-0.010500345
17-Nov-24,-0.029064383,-0.021713424,-0.023975409,-0.035250154,-0.022552704,-0.032753294,-0.016531362,-0.024953802,-0.019475696,-0.019361953,-0.021982593,-0.026159984,-0.02015505,-0.01202903
24-Nov-24,-0.033619509,-0.0349985,-0.033163074,-0.036918099,-0.024073893,-0.031499536,-0.020126638,-0.030461084,-0.025281331,-0.028457265,-0.022413788,-0.025310318,-0.024352126,-0.01562866
01-Dec-24,-0.029321937,-0.033929034,-0.034168468,-0.039298662,-0.015943099,-0.030880479,-0.023263434,-0.028246236,-0.019603844,-0.027989057,-0.024311217,-0.028870138,-0.027259187,-0.013533245
08-Dec-24,-0.02821662,-0.030372352,-0.026669118,-0.022056329,-0.01751917,-0.02402703,-0.014993613,-0.025448987,-0.022364246,-0.025493663,-0.017703698,-0.020709373,-0.024093223,-0.01290524
15-Dec-24,-0.031678196,-0.029626135,-0.030193309,-0.036871243,-0.02033431,-0.028566578,-0.02108906,-0.027134241,-0.021118643,-0.026226722,-0.02442692,-0.027813033,-0.024218569,-0.014633005
22-Dec-24,-0.027635023,-0.016837108,-0.021899189,-0.039153808,-0.022782228,-0.036284726,-0.016409258,-0.023626862,-0.016890182,-0.015571658,-0.022954633,-0.02805266,-0.018639579,-0.010721127
29-Dec-24,-0.033892289,-0.032381058,-0.033045264,-0.040288946,-0.022117243,-0.029317472,-0.022873655,-0.028753709,-0.022605412,-0.028317972,-0.025833041,-0.028839245,-0.024941417,-0.01619585
05-Jan-25,-0.030368912,-0.029353692,-0.029138414,-0.03237107,-0.019476687,-0.02754462,-0.018933043,-0.026233941,-0.021205905,-0.025419088,-0.022204843,-0.025555611,-0.024139433,-0.014174955
12-Jan-25,-0.027357798,-0.023376031,-0.026565209,-0.037459346,-0.019011873,-0.033679396,-0.018400528,-0.024747088,-0.017468792,-0.020007475,-0.022652453,-0.027659921,-0.022341672,-0.011599739
19-Jan-25,-0.029751207,-0.027935012,-0.029531071,-0.037917419,-0.021229216,-0.033646433,-0.019041339,-0.027021492,-0.020468568,-0.023026275,-0.022511188,-0.026795593,-0.023150545,-0.013252317
26-Jan-25,-0.029465865,-0.032268163,-0.034061322,-0.042708206,-0.019258466,-0.036140235,-0.022010492,-0.028781324,-0.020009704,-0.025350716,-0.023722509,-0.028699584,-0.025658672,-0.013367703
02-Feb-25,-0.030880826,-0.035063016,-0.033711148,-0.034962492,-0.020198012,-0.031154125,-0.019818726,-0.029046225,-0.023163071,-0.027761941,-0.021336537,-0.024946493,-0.025829925,-0.014699493
09-Feb-25,-0.025062588,-0.023118941,-0.021328622,-0.019031927,-0.016176796,-0.024255309,-0.012040108,-0.02199914,-0.019201004,-0.020182846,-0.016392311,-0.020097928,-0.021876517,-0.010763912
16-Feb-25,-0.028450385,-0.023606086,-0.027082177,-0.040093575,-0.020419186,-0.034790401,-0.019281421,-0.025579534,-0.017968449,-0.020362585,-0.023677845,-0.028614044,-0.022027278,-0.011957318
23-Feb-25,-0.029382881,-0.027136573,-0.028004764,-0.034634341,-0.02004073,-0.030693935,-0.018477255,-0.026081926,-0.02019414,-0.023203185,-0.022159518,-0.026153386,-0.023091185,-0.013052539
02-Mar-25,-0.026919831,-0.019666226,-0.022792493,-0.033906785,-0.019463894,-0.03166695,-0.016423717,-0.023133833,-0.017063741,-0.018052679,-0.021911589,-0.026624186,-0.02060099,-0.01099986
09-Mar-25,-0.031810053,-0.033807478,-0.03297523,-0.035442316,-0.019017984,-0.027473296,-0.021688056,-0.028110242,-0.02216316,-0.028793078,-0.023714037,-0.026921346,-0.026118885,-0.015307808
16-Mar-25,-0.029046494,-0.024781527,-0.025935267,-0.032002417,-0.019530916,-0.028324416,-0.017557602,-0.024535474,-0.019509445,-0.022222058,-0.022000212,-0.025740585,-0.022469142,-0.013007138
23-Mar-25,-0.03088032,-0.036671909,-0.033137796,-0.027420746,-0.015942129,-0.022060796,-0.02034259,-0.027383514,-0.022971939,-0.03107341,-0.021380532,-0.023979833,-0.027782379,-0.015540837
30-Mar-25,-0.02494297,-0.02479209,-0.023360844,-0.020853361,-0.01383674,-0.023200151,-0.014319873,-0.02207152,-0.01817783,-0.021867517,-0.01790105,-0.02180304,-0.023621069,-0.011084345
06-Apr-25,-0.014712523,-0.015273434,-0.015690192,-0.014898273,-0.005074206,-0.025932138,-0.009880588,-0.016618663,-0.010161435,-0.01314155,-0.013798542,-0.020629135,-0.022370271,-0.004152488
13-Apr-25,-0.028244833,-0.033619299,-0.03244563,-0.037846082,-0.021212895,-0.03890383,-0.017999469,-0.030242837,-0.022501833,-0.024287868,-0.019252373,-0.024323176,-0.02422212,-0.011753424
20-Apr-25,-0.033066984,-0.042388947,-0.037806807,-0.034507226,-0.019058262,-0.027759935,-0.022681632,-0.031823898,-0.025734695,-0.033873661,-0.02225367,-0.025078388,-0.028559187,-0.016110796
27-Apr-25,-0.031307868,-0.034427879,-0.033077449,-0.03800327,-0.022008928,-0.034002838,-0.020093768,-0.030228544,-0.023543235,-0.027109614,-0.021843459,-0.025722171,-0.024699351,-0.013980108
04-May-25,-0.033322196,-0.037952367,-0.036323762,-0.04202948,-0.024123287,-0.036225483,-0.021741051,-0.032558006,-0.025391307,-0.029217705,-0.022799717,-0.026493945,-0.025394675,-0.015174636
11-May-25,-0.030249237,-0.034022529,-0.033977209,-0.044639019,-0.025118466,-0.043757884,-0.019281533,-0.03232229,-0.023681499,-0.024061256,-0.02082408,-0.026039065,-0.023241207,-0.01233115
18-May-25,-0.0275451,-0.041905349,-0.036472617,-0.030027257,-0.012726848,-0.028301456,-0.021128482,-0.030240723,-0.022506171,-0.032079294,-0.019338882,-0.023652162,-0.029884569,-0.012711303
25-May-25,-0.027903739,-0.029347515,-0.028190056,-0.033822054,-0.020067852,-0.03413718,-0.017154056,-0.027876493,-0.021199988,-0.023116147,-0.019751854,-0.024356971,-0.022969082,-0.011289018
01-Jun-25,-0.028522977,-0.029032418,-0.027696761,-0.033192725,-0.019865277,-0.032104108,-0.017640763,-0.027568059,-0.021212346,-0.023768118,-0.020484144,-0.02475026,-0.022977917,-0.011663219
08-Jun-25,-0.022121869,-0.021860458,-0.014658189,-0.004829959,-0.015164767,-0.020378363,-0.005625027,-0.021187825,-0.021019466,-0.018772501,-0.010071429,-0.013346179,-0.019668573,-0.007692534
15-Jun-25,-0.033822175,-0.02872122,-0.028042914,-0.040482619,-0.026233482,-0.03325574,-0.020227381,-0.030001703,-0.023883006,-0.025305384,-0.024437163,-0.027658548,-0.020998883,-0.013798806
22-Jun-25,-0.029534977,-0.029148641,-0.023623492,-0.022100445,-0.019843914,-0.0236829,-0.014829529,-0.026745546,-0.023747247,-0.02574201,-0.018236301,-0.020847594,-0.022016728,-0.011962495
29-Jun-25,-0.0380192,-0.037124107,-0.034927565,-0.043600137,-0.024889202,-0.027955412,-0.026037061,-0.032567186,-0.026070562,-0.033362498,-0.028335942,-0.030336735,-0.025186324,-0.017410086
06-Jul-25,-0.0249678,-0.021769199,-0.019140944,-0.021070735,-0.015189984,-0.023659951,-0.013823138,-0.022617234,-0.018238492,-0.020662037,-0.01830148,-0.022278943,-0.021182646,-0.009150838
13-Jul-25,-0.029165875,-0.02307008,-0.022376126,-0.030739842,-0.01929695,-0.02623467,-0.017815658,-0.024890815,-0.019502397,-0.022566287,-0.022719762,-0.026290499,-0.021087539,-0.011459984
20-Jul-25,-0.028226386,-0.022844071,-0.021340329,-0.026925194,-0.017891176,-0.024129435,-0.016689155,-0.024011073,-0.01929518,-0.022488552,-0.021516397,-0.024966562,-0.021268543,-0.011103881
27-Jul-25,-0.028821522,-0.021360475,-0.018833744,-0.022614628,-0.019855327,-0.022388754,-0.014209519,-0.023468406,-0.020719352,-0.021646946,-0.019936013,-0.022693757,-0.019698458,-0.011305928
03-Aug-25,-0.03030219,-0.024075509,-0.023390468,-0.032460021,-0.020510718,-0.026813046,-0.018519852,-0.025730831,-0.020311992,-0.023359943,-0.023370692,-0.026749997,-0.02113708,-0.012104791
10-Aug-25,-0.02983143,-0.023620014,-0.022232853,-0.029282851,-0.020417139,-0.025692666,-0.017043721,-0.025188685,-0.020646108,-0.022911978,-0.022055195,-0.025244978,-0.020765715,-0.011891131
17-Aug-25,-0.030802352,-0.028897683,-0.025504787,-0.027998839,-0.019718571,-0.024158184,-0.018022633,-0.026839273,-0.022533688,-0.026493998,-0.021582627,-0.024327376,-0.022771746,-0.012965524
24-Aug-25,-0.033420654,-0.023710694,-0.018637268,-0.019271337,-0.026486003,-0.020423977,-0.012117238,-0.02551307,-0.026283293,-0.02376789,-0.01869175,-0.019518242,-0.017883131,-0.013931757
31-Aug-25,-0.030337168,-0.021909318,-0.021509779,-0.032303166,-0.021453901,-0.026982948,-0.017820819,-0.025286972,-0.020129292,-0.022094633,-0.023416056,-0.026759114,-0.01992173,-0.011704222
07-Sep-25,-0.025317519,-0.028526035,-0.025178812,-0.024849131,-0.010173598,-0.021303166,-0.01932495,-0.02424656,-0.017370128,-0.026345064,-0.021254922,-0.025484608,-0.025796885,-0.010099837
14-Sep-25,-0.03103578,-0.026384799,-0.02243217,-0.022903059,-0.019298366,-0.019254232,-0.016696278,-0.024979048,-0.022432738,-0.026144927,-0.021287719,-0.02326761,-0.021912587,-0.013240728
21-Sep-25,-0.026830789,-0.022115637,-0.017686145,-0.015510511,-0.015710521,-0.017460227,-0.013096368,-0.02196946,-0.019963992,-0.022636313,-0.018141051,-0.020744472,-0.020976013,-0.010571122
28-Sep-25,-0.027866945,-0.018415472,-0.01881941,-0.029912362,-0.019345275,-0.026654032,-0.016338144,-0.0232044,-0.017903128,-0.019445555,-0.022450672,-0.026352478,-0.019294677,-0.010188817
05-Oct-25,-0.027848713,-0.023792671,-0.019604276,-0.018733638,-0.016184845,-0.018446498,-0.014802469,-0.023080201,-0.020332962,-0.023932326,-0.019442493,-0.022063804,-0.021625357,-0.011160517
12-Oct-25,-0.029010671,-0.024879381,-0.019745716,-0.017515947,-0.017575639,-0.017565007,-0.014375253,-0.023706318,-0.02185279,-0.024868669,-0.019064728,-0.021157833,-0.021393271,-0.011841825
19-Oct-25,-0.030070416,-0.029677502,-0.025296844,-0.025895675,-0.017645597,-0.02210464,-0.018281068,-0.026585752,-0.022123297,-0.027453045,-0.021352343,-0.024100512,-0.023536931,-0.01251236
26-Oct-25,-0.031538049,-0.026557107,-0.023827002,-0.029062034,-0.021057266,-0.024006979,-0.01806001,-0.026461815,-0.022346095,-0.025554333,-0.022558021,-0.025130837,-0.021532146,-0.01298421
02-Nov-25,-0.027430844,-0.023910907,-0.020937093,-0.024165563,-0.017359016,-0.023928944,-0.015523086,-0.024350028,-0.019917192,-0.022734567,-0.019876531,-0.023354686,-0.021340728,-0.010428835
09-Nov-25,-0.028292493,-0.024443776,-0.022663257,-0.029435968,-0.018317121,-0.026566808,-0.017430414,-0.025382533,-0.019703226,-0.023020519,-0.021660549,-0.025446873,-0.02155234,-0.010768111
16-Nov-25,-0.028934222,-0.027461301,-0.021949889,-0.01994477,-0.01803558,-0.020703315,-0.014898983,-0.025360476,-0.02257031,-0.025570108,-0.018668669,-0.021163892,-0.022036659,-0.011642315
23-Nov-25,-0.031582381,-0.029029904,-0.025058173,-0.029271635,-0.022242529,-0.026515647,-0.017402517,-0.028148481,-0.023891229,-0.02612518,-0.02116371,-0.023868506,-0.0215974,-0.012700936
30-Nov-25,-0.02671335,-0.025249469,-0.02096279,-0.021504611,-0.015304435,-0.021777293,-0.01558701,-0.024257084,-0.019821216,-0.023953835,-0.019301649,-0.022727111,-0.022239628,-0.010042032
07-Dec-25,-0.027107387,-0.023145837,-0.019994641,-0.022901178,-0.015316297,-0.020932846,-0.016371812,-0.023437572,-0.018847382,-0.023356881,-0.020795742,-0.024165963,-0.021782131,-0.010218791
14-Dec-25,-0.028450013,-0.017661746,-0.013181891,-0.01457563,-0.020749849,-0.018234816,-0.010496676,-0.021822152,-0.021553002,-0.019962282,-0.017637235,-0.019596015,-0.017221466,-0.010403027
21-Dec-25,-0.027373747,-0.020463346,-0.016661049,-0.019272776,-0.016582731,-0.018864408,-0.014415412,-0.022483084,-0.019370828,-0.022136493,-0.019953641,-0.022796376,-0.020032333,-0.00996471
28-Dec-25,-0.027800006,-0.023964561,-0.020681971,-0.02393698,-0.014536586,-0.019390338,-0.017982724,-0.023673162,-0.018675845,-0.024818484,-0.022196867,-0.025398087,-0.022472691,-0.010622983
04-Jan-26,-0.027378113,-0.020627649,-0.014040827,-0.010049667,-0.017373591,-0.014719725,-0.010576078,-0.021733756,-0.021634596,-0.022272536,-0.01647774,-0.018294485,-0.019089666,-0.010154064
11-Jan-26,-0.030391655,-0.020798461,-0.020728483,-0.03456948,-0.02100928,-0.027086831,-0.019142941,-0.025394669,-0.019232397,-0.022066469,-0.024935135,-0.028497432,-0.019634029,-0.011105127
18-Jan-26,-0.031644359,-0.025456041,-0.021980287,-0.027854665,-0.021737796,-0.02349201,-0.017351832,-0.02650382,-0.022710843,-0.02514797,-0.022267261,-0.024684433,-0.02052157,-0.012427269
25-Jan-26,-0.030223801,-0.025992878,-0.026541946,-0.04220531,-0.021078417,-0.033919622,-0.021685264,-0.028442965,-0.019581953,-0.023593253,-0.025496095,-0.03013464,-0.021725507,-0.011102991
01-Feb-26,-0.031083815,-0.029419499,-0.024279952,-0.026242874,-0.021639367,-0.025197675,-0.01640904,-0.027997142,-0.024292321,-0.026371716,-0.019996951,-0.022551008,-0.02159622,-0.01233961
08-Feb-26,-0.028002954,-0.025012281,-0.017850756,-0.013969395,-0.018573772,-0.018921116,-0.011696119,-0.02441263,-0.023171203,-0.023919109,-0.016255203,-0.018432343,-0.020181153,-0.010443763
15-Feb-26,-0.02651765,-0.026133925,-0.023115277,-0.02950605,-0.015749916,-0.027585122,-0.018072229,-0.026193506,-0.018942362,-0.023730724,-0.02112325,-0.025617451,-0.022512408,-0.009116524
22-Feb-26,-0.031681526,-0.029090926,-0.023983672,-0.028634389,-0.023373148,-0.027370267,-0.016597182,-0.028977867,-0.024820597,-0.025975042,-0.020401012,-0.0230717,-0.020714496,-0.012026196
01-Mar-26,-0.027901997,-0.027255684,-0.025788448,-0.036813124,-0.01699565,-0.030896506,-0.020944813,-0.027715438,-0.018760656,-0.024509979,-0.023742024,-0.02859105,-0.022998532,-0.009760733
08-Mar-26,-0.032940505,-0.032322875,-0.032272345,-0.051694533,-0.027601637,-0.044527471,-0.022727207,-0.034257487,-0.023867884,-0.025107518,-0.025141542,-0.030212211,-0.021518749,-0.011860458
15-Mar-26,-0.031024816,-0.03150247,-0.034742149,-0.062263151,-0.027215275,-0.053647397,-0.025088674,-0.035404383,-0.021083146,-0.022582343,-0.02687975,-0.033919934,-0.021814076,-0.010147471
22-Mar-26,-0.039383658,-0.044134724,-0.041677668,-0.058673999,-0.03398803,-0.048051537,-0.026135097,-0.04091824,-0.030851326,-0.03247179,-0.026399079,-0.030186245,-0.023812699,-0.016168288
29-Mar-26,-0.038169626,-0.039346321,-0.034226265,-0.048387469,-0.040289515,-0.050900227,-0.016817083,-0.040408816,-0.034407082,-0.026702943,-0.01909133,-0.022363798,-0.018288192,-0.014162772
